{
  "feature_order": [
    "trips",
    "miles",
    "duration_h",
    "speed_mean",
    "speed_std",
    "harsh_brake_rate",
    "harsh_accel_rate",
    "sharp_turn_rate",
    "night_pct",
    "school_zone_pct",
    "rush_hour_pct",
    "years_licensed",
    "prior_claims_count",
    "prior_violations",
    "vehicle_year",
    "safety_rating",
    "local_crash_rate",
    "crime_index"
  ],
  "scaler_mean": [
    26.883333333333333,
    231.98875519115484,
    7.6786111111111115,
    13.072210987770424,
    2.0510497959990888,
    0.0018062627587345063,
    0.0017703023759013334,
    0.0023859523715898515,
    0.44665688417999777,
    0.0266963205647746,
    0.18520976904911463,
    12.5,
    0.21666666666666667,
    0.6333333333333333,
    2016.3,
    3.9,
    1.0450000000000004,
    1.0599999999999998
  ],
  "scaler_scale": [
    3.1363017853658293,
    32.11051092966061,
    0.8945467074045911,
    0.8287764024456921,
    0.06383503441567898,
    0.00023249827508670397,
    0.000273528789910345,
    0.00031358337104653625,
    0.09101494202000308,
    0.033256121676210434,
    0.06998857163252531,
    6.422616289332565,
    0.48619840486049404,
    0.7951240294584377,
    5.25452186216786,
    0.8504900548115383,
    0.10712142642814272,
    0.17146428199482247
  ],
  "logreg_coef": [
    -0.6822646023692287,
    0.3656986381999671,
    0.14565125735950402,
    0.4853106954790704,
    0.03788966319894136,
    0.013346636991639424,
    0.178633684433066,
    -0.5007950133222284,
    -0.40498539429123415,
    0.15686299954486047,
    -0.2746933022143274,
    0.03945414605091398,
    -0.3547721000640219,
    0.3391673341619161,
    -0.04364124252168844,
    0.06811659043881806,
    -0.07734689321707908,
    -0.04126985942334881
  ],
  "logreg_intercept": 0.22828067359419418,
  "calibrator": {
    "x": [
      0.2369647820660531,
      0.28515481446952495,
      0.33980899456508606,
      0.3450757152157947,
      0.43093759216137767,
      0.5051355849960559,
      0.7555569309531913,
      0.7836658133866051,
      0.8351126169337466
    ],
    "y": [
      0.0,
      0.6,
      0.6,
      0.6666666666666666,
      0.6666666666666666,
      0.7142857142857143,
      0.7142857142857143,
      1.0,
      1.0
    ]
  },
  "version": 1
}