{
  "logreg": {
    "auc": 0.6309523809523809,
    "brier": 0.239759684491445,
    "logloss": 0.6689629964491075,
    "ece": 0.33262787016058815
  },
  "logreg_calibrated": {
    "auc": 0.738095238095238,
    "brier": 0.16476190476190478,
    "logloss": 0.47312442300137725,
    "ece": 0.0
  },
  "xgbClassifier": {
    "auc": 0.7619047619047619,
    "brier": 0.1664758862979197,
    "logloss": 0.5358552546319919,
    "ece": 0.18439187705516819
  }
}